Rank,Language,Tasks_Count,Avg_Success_Rate_%,Avg_Emissions_kg_CO2eq,Avg_Execution_Time_s,Emissions_mg_CO2eq,Execution_Time_ms,Efficiency_Score
1,javascript,7,100.0,0.00096612,0.053360,0.966,53.4,1035
2,ruby,3,100.0,0.00115764,0.029398,1.158,29.4,864
3,julia,7,100.0,0.00115966,0.136978,1.160,137.0,862
4,php,5,100.0,0.00118037,0.007401,1.180,7.4,847
5,csharp,6,100.0,0.00124934,0.095359,1.249,95.4,800
6,r,5,100.0,0.00128039,0.105692,1.280,105.7,781
7,python,3,100.0,0.00145955,0.009815,1.460,9.8,685
